{"cameraMode":{"drawMode":0,"name":"Shaded","section":"Shading Mode"},"sceneLighting":true,"audioPlay":false,"sceneViewState":{"showFog":false,"showMaterialUpdate":false,"showSkybox":false,"showFlares":false,"showImageEffects":false,"showParticleSystems":false},"in2DMode":false,"pivot":{"x":-0.6982185244560242,"y":41.52058410644531,"z":-362.4615173339844},"rotation":{"x":-0.004185582045465708,"y":0.029120823368430139,"z":0.0001212839997606352,"w":0.9995671510696411},"size":6.625021934509277,"orthographic":false}