{"cameraMode":{"drawMode":0,"name":"Shaded","section":"Shading Mode"},"sceneLighting":true,"audioPlay":false,"sceneViewState":{"showFog":false,"showMaterialUpdate":false,"showSkybox":false,"showFlares":false,"showImageEffects":false,"showParticleSystems":false},"in2DMode":false,"pivot":{"x":64.19339752197266,"y":42.93331527709961,"z":34.28472900390625},"rotation":{"x":0.06413285434246063,"y":-0.0203580129891634,"z":-0.0013078019255772234,"w":-0.9977328777313232},"size":290.003173828125,"orthographic":false}