{"cameraMode":{"drawMode":0,"name":"Shaded","section":"Shading Mode"},"sceneLighting":true,"audioPlay":false,"sceneViewState":{"showFog":false,"showMaterialUpdate":false,"showSkybox":false,"showFlares":false,"showImageEffects":false,"showParticleSystems":false},"in2DMode":false,"pivot":{"x":33.90304946899414,"y":28.99262237548828,"z":-380.04193115234377},"rotation":{"x":0.10081785172224045,"y":0.8076807856559753,"z":-0.14473269879817964,"w":0.5626187920570374},"size":46.22031021118164,"orthographic":false}