{"cameraMode":{"drawMode":0,"name":"Shaded","section":"Shading Mode"},"sceneLighting":true,"audioPlay":false,"sceneViewState":{"showFog":false,"showMaterialUpdate":false,"showSkybox":false,"showFlares":false,"showImageEffects":false,"showParticleSystems":false},"in2DMode":false,"pivot":{"x":-319.120849609375,"y":-172.1009063720703,"z":-141.51329040527345},"rotation":{"x":-0.21994197368621827,"y":0.4488624334335327,"z":-0.11500241607427597,"w":-0.8584418892860413},"size":449.070556640625,"orthographic":false}